{
    "train": {
        "accuracy": 9.88103413054737,
        "loss": 0.02876042213821972
    },
    "val": {
        "accuracy": 9.03032849053737,
        "loss": 0.9741059737669193
    },
    "step": 9
}
