step	accuracy
0	0.89765309989919
1	1.285827285291669
2	2.9865208759062827
3	3.2433464421220872
4	4.378829463881409
5	5.09644399732048
6	6.461720473017159
7	7.992174775514194
8	8.911067086227124
9	9.88103413054737
