step	loss
0	9.700357227099367
1	8.11534524938191
2	7.7271990637015495
3	6.186008874581015
4	5.352089852231985
5	4.552347804183351
6	3.766038275411031
7	2.783238550689126
8	1.1279072540866708
9	0.02876042213821972
